repository,files,blank,comment,code,java_files,java_code,java_comment,java_blank
alibaba/nacos,6678,146781,253385,827660,5249,532685,158397,109665
apache/commons-compress,765,15487,49215,92804,709,83324,48348,14410
apache/dubbo,4328,66478,108503,336576,3986,309434,103759,63429
apache/httpcomponents-client,1213,25995,52743,125593,1170,119649,52111,24208
apache/rocketmq,2517,57049,55135,307850,2287,287384,52839,52632
apache/shiro,1158,14261,46689,62131,847,44241,40375,11187
apache/zookeeper,1449,36981,59962,209133,943,126691,42540,24385
jenkinsci/jenkins,11781,58591,215833,366848,1946,208525,88323,41526
netty/netty,3915,81537,146505,467276,3589,429953,141747,77744
thingsboard/thingsboard,9852,122053,46791,1327084,4780,406675,19998,73275
