repository,files_with_secrets,total_secrets,by_gitleaks,by_detect_secrets,by_both,types
alibaba/nacos,68,127,18,109,0,secretkeyword:73; hexhighentropystring:22; genericapikey:17; base64highentropystring:12; privatekey:2; basicauthcredentials:1
apache/commons-compress,11,11,0,11,0,hexhighentropystring:7; base64highentropystring:2; secretkeyword:2
apache/dubbo,42,50,4,46,0,secretkeyword:23; privatekey:8; basicauthcredentials:8; base64highentropystring:6; hexhighentropystring:5
apache/httpcomponents-client,15,386,9,377,0,base64highentropystring:303; hexhighentropystring:66; genericapikey:7; secretkeyword:4; privatekey:3; basicauthcredentials:3
apache/rocketmq,22,35,10,25,0,hexhighentropystring:15; privatekey:10; secretkeyword:5; genericapikey:3; base64highentropystring:2
apache/shiro,21,49,5,44,0,secretkeyword:15; base64highentropystring:15; hexhighentropystring:14; genericapikey:5
apache/zookeeper,31,366,3,363,0,base64highentropystring:281; hexhighentropystring:50; secretkeyword:32; genericapikey:3
jenkinsci/jenkins,140,248,16,232,0,secretkeyword:138; base64highentropystring:45; hexhighentropystring:34; privatekey:25; genericapikey:3; basicauthcredentials:3
netty/netty,97,286,54,232,0,base64highentropystring:166; privatekey:48; hexhighentropystring:28; genericapikey:22; secretkeyword:15; pkcs12file:5; basicauthcredentials:2
thingsboard/thingsboard,1162,2247,746,1501,0,base64highentropystring:1227; genericapikey:731; secretkeyword:231; hexhighentropystring:30; privatekey:25; gcpapikey:3
