repositório,arquivos_java,KLOC_java,achados_seg,achados_por_KLOC,arquivos_em_risco,pct_risco,CVEs_diretos,CVSS_médio,segredos
netty,3589,430.0,376,0.87,143,1.65,0,0.0,286
dubbo,3986,309.4,297,0.96,71,0.61,0,0.0,50
nacos,5249,532.7,218,0.41,177,1.95,6,0.0,127
thingsboard,4780,406.7,81,0.2,167,1.37,1,0.0,2247
zookeeper,943,126.7,56,0.44,50,1.56,0,0.0,366
rocketmq,2287,287.4,54,0.19,37,0.74,0,0.0,35
shiro,847,44.2,53,1.2,40,0.96,0,0.0,49
jenkins,1946,208.5,52,0.25,110,2.32,0,0.0,248
httpcomponents-client,1170,119.6,41,0.34,31,0.68,0,0.0,386
commons-compress,709,83.3,2,0.02,13,1.15,0,0.0,11
