model,precision,recall,f1,roc_auc,tp,fp,fn,tn
LogisticRegression,0.048826291079812206,0.41106719367588934,0.08728493495593789,0.7363816543629964,104,2026,149,20876
LogisticRegression,0.08135283363802559,0.8054298642533937,0.1477791614777916,0.8147099512196619,178,2010,43,3884
LogisticRegression,0.11042944785276074,0.8,0.1940700808625337,0.8113642756680732,36,290,9,500
LogisticRegression,0.08139534883720931,0.7368421052631579,0.14659685863874344,0.869896383723324,14,158,5,609
LogisticRegression,0.12408759124087591,0.7727272727272727,0.2138364779874214,0.8425439158866522,17,120,5,589
DecisionTree,0.0649536045681656,0.35968379446640314,0.11003627569528417,0.6857372692651936,91,1310,162,21592
DecisionTree,0.11843711843711843,0.43891402714932126,0.18653846153846154,0.7489113862245064,97,722,124,5172
DecisionTree,0.14285714285714285,0.37777777777777777,0.2073170731707317,0.7346976090014065,17,102,28,688
DecisionTree,0.11764705882352941,0.3157894736842105,0.17142857142857143,0.7294997598298223,6,45,13,722
DecisionTree,0.28,0.6363636363636364,0.3888888888888889,0.912777279138351,14,36,8,673
RandomForest,0.29411764705882354,0.019762845849802372,0.037037037037037035,0.8511403460629463,5,12,248,22890
RandomForest,0.23828125,0.27601809954751133,0.2557651991614256,0.844208467234875,61,195,160,5699
RandomForest,0.29411764705882354,0.1111111111111111,0.16129032258064516,0.8560478199718706,5,12,40,778
RandomForest,0.0,0.0,0.0,0.8918204899471626,0,3,19,764
RandomForest,0.6666666666666666,0.45454545454545453,0.5405405405405406,0.8287600974483907,10,5,12,704
XGBoost,0.2222222222222222,0.07114624505928854,0.10778443113772455,0.8201113319063906,18,63,235,22839
XGBoost,0.2875816993464052,0.19909502262443438,0.23529411764705882,0.8306629796080682,44,109,177,5785
XGBoost,0.5,0.022222222222222223,0.0425531914893617,0.8314486638537272,1,1,44,789
XGBoost,0.0,0.0,0.0,0.8756947780141356,0,2,19,765
XGBoost,0.25,0.36363636363636365,0.2962962962962963,0.7891716886780356,8,24,14,685
LightGBM,0.23076923076923078,0.07114624505928854,0.10876132930513595,0.851946064741226,18,60,235,22842
LightGBM,0.36231884057971014,0.22624434389140272,0.2785515320334262,0.8506004265400661,50,88,171,5806
LightGBM,0.6666666666666666,0.044444444444444446,0.08333333333333333,0.8614345991561181,2,1,43,789
LightGBM,0.25,0.05263157894736842,0.08695652173913043,0.8729842860083716,1,3,18,764
LightGBM,0.375,0.2727272727272727,0.3157894736842105,0.7902615719964098,6,10,16,699
